"100 Bloody Acres"	"2290065"
"100 Feet"	"0899128"
"100 Tears"	"0943946"
"12/12/12"	"2313780"
"13/13/13"	"2991516"
"13 Sins"	"2059171"
"1408"	"0450385"
"22"	"0312306"
"28 Days Later"	"0289043"
"28 Weeks Later"	"0463854"
"31"	"3835080"
"30 Days of Night"	"0389722"
"5ive Girls"	"0494199"
"6 Souls"	"1179069"
"976-EVIL"	"0094597"
"976-EVIL 2: The Astral Factor"	"0101256"
"The ABCs of Death"	"1935896"
"ABCs of Death 2"	"2926810"
"Abominable"	"0402743"
"The Abominable Dr. Phibes"	"0066740"
"Dr. Phibes Rises Again"	"0068503"
"The Abominable Snowman"	"0050095"
"Absentia"	"1610996"
"After Death"	"1822203"
"Aftermath"	"4581576"
"Aftershock"	"1780762"
"Alien"	"0078748"
"Alien (1979)"	"0078748"
"Aliens"	"0090605"
"Alien³"	"0103644"
"Alien: Resurrection"	"0118583"
"Alien Abduction (2014)"	"2510434"
"Alien Abduction: Incident in Lake County"	"0142074"
"Alien vs. Predator"	"0370263"
"Aliens vs. Predator: Requiem"	"0758730"
"Alice, Sweet Alice"	"0076150"
"All Cheerleaders Die"	"2527186"
"All Hallows' Eve"	"2900624"
"All Superheroes Must Die"	"1836212"
"All the Boys Love Mandy Lane"	"0490076"
"Alligator"	"0080354"
"The Alligator People"	"0052549"
"Alone in the Dark (1982)"	"0083542"
"Alone in the Dark (2005)"	"0369226"
"The Alphabet Killer"	"0818165"
"Altered States"	"0080360"
"Altitude"	"4556370"
"The Amazing Colossal Man"	"0050118"
"Amber Alert"	"6698648"
"An American Crime"	"0802948"
"An American Haunting"	"0429573"
"American Mary"	"1959332"
"American Psycho"	"0144084"
"American Psycho 2: All American Girl"	"0283877"
"An American Werewolf in London"	"0082010"
"An American Werewolf in Paris"	"0118604"
"The Amityville Horror (1979)"	"0078767"
"Amityville II: The Possession"	"0083550"
"Amityville 3-D"	"0085159"
"Amityville: The Evil Escapes"	"0096808"
"The Amityville Curse"	"0099030"
"Amityville: It's About Time"	"0103678"
"Amityville: A New Generation"	"0106262"
"Amityville Dollhouse"	"0115535"
"The Amityville Horror (2005)"	"0384806"
"Amsterdamned"	"0094651"
"Amusement"	"0476958"
"Anaconda"	"0118615"
"Anacondas: The Hunt for the Blood Orchid"	"0366174"
"And Soon The Darkness"	"1391034"
"Angel Heart"	"0092563"
"Absurd"	"0084028"
"Antichrist"	"0870984"
"Apollo 18"	"1772240"
"The Apparition"	"1433822"
"April Fools' Day"	"0047358"
"Arachnia"	"0370295"
"Arachnophobia"	"0099052"
"Arcade"	"0106302"
"As Above, So Below"	"2870612"
"Asylum: Blackout"	"1027820"
"Attack of the Crab Monsters"	"0050147"
"Attack of the Eye Creatures"	"0059161"
"Attack of the Giant Leeches"	"0053611"
"Audition"	"0235198"
"Autopsy"	"0443435"
"The Autopsy Of Jane Doe"	"3289956"
"Ava's Possessions"	"3727982"
"The Awakening"	"1687901"
"Ax 'Em"	"0349113"
"Axe!"	"0075710"
"Axeman"	"2357866"
"The Babadook"	"2321549"
"The Baby"	"0069754"
"Bad Moon"	"0115610"
"Bad Taste"	"0092610"
"Bait 3D"	"1438173"
"Banshee Chapter"	"2011276"
"The Barrens"	"2050633"
"Basket Case"	"0083624"
"Baskin"	"4935418"
"The Bay"	"1713476"
"The Beast from 20,000 Fathoms"	"0045546"
"The Beast Must Die"	"0071200"
"Beast of the Yellow Night"	"0066816"
"The Beast of Yucca Flats"	"0054673"
"Beginning of the End"	"0050177"
"Behind the Mask: The Rise of Leslie Vernon"	"0437857"
"The Bell Witch Haunting"	"2991532"
"Bereavement"	"1100051"
"The Bermuda Depths"	"0077223"
"The Beyond"	"0082307"
"Big Ass Spider"	"1830713"
"Big Bad Wolf"	"0488962"
"Big Bad Wolves"	"2309224"
"The Bird with the Crystal Plumage"	"0065143"
"Birdemic"	"1316037"
"The Birds"	"0056869"
"The Black Cat"	"0024894"
"Black Christmas (1974)"	"0071222"
"Black Christmas (2006)"	"0454082"
"Black Forest"	"1776088"
"Blade"	"0120611"
"Blade"	"0120611"
"Blade II"	"0187738"
"Blade: Trinity"	"0359013"
"Black Sabbath"	"0057603"
"The Black Scorpion"	"0050197"
"Black Sunday"	"0054067"
"Black Water"	"5622412"
"Blacula"	"0068284"
"The Blair Witch Project"	"0185937"
"Book of Shadows: Blair Witch 2"	"0229260"
"Blair Witch"	"1540011"
"Bless the Child"	"0163983"
"The Blob (1958)"	"0051418"
"Beware! The Blob"	"0068271"
"The Blob (1988)"	"0094761"
"Blood and Black Lace"	"0058567"
"Blood & Donuts"	"0112527"
"Blood Cult"	"0136735"
"Blood Feast"	"4847546"
"Blood for Dracula"	"0071233"
"Blood Lake: Attack of the Killer Lampreys"	"3723790"
"Blood Night: The Legend of Mary Hatchet"	"1161404"
"Blood Punch"	"2825230"
"Blood Rage"	"0085253"
"Blood Rites"	"2004175"
"Blood: The Last Vampire"	"0806027"
"Bloodlust"	"0074920"
"Bloodsuckers from Outer Space"	"0086980"
"Bloodsucking Freaks"	"0077247"
"Bloodsucking Pharaohs in Pittsburgh"	"0101483"
"Bloodwine"	"1212018"
"Bloody Birthday"	"0082084"
"Bloody Homecoming"	"2040295"
"Bloody Moon"	"0083156"
"Blue Sunshine"	"0074226"
"Body Bags"	"0106449"
"Body Melt"	"0106450"
"The Body Snatcher"	"0037549"
"Bones (2001)"	"0166110"
"Bonnie and Clyde vs. Dracula"	"1117379"
"The Boogey Man"	"0080464"
"Borderland"	"0452592"
"The Boy"	"3882082"
"The Brain from Planet Arous"	"0050210"
"The Brain That Wouldn't Die"	"0052646"
"Braindead"	"4877736"
"Brainscan"	"0109327"
"Bram Stoker's Dracula"	"0103874"
"Breathing Room"	"1220706"
"Bride of the Monster"	"0047898"
"The Broken"	"0906734"
"The Brood"	"0078908"
"Brotherhood of the Wolf"	"0237534"
"Bruiser"	"0212830"
"The Brute Man"	"0038387"
"Bubba Ho Tep"	"0281686"
"A Bucket of Blood"	"0052655"
"Bug!"	"0913365"
"Burial Ground: The Nights of Terror"	"0081248"
"The Burning"	"0082118"
"The Burning Moon"	"0103898"
"Burnt Offerings"	"0074258"
"The Burrowers"	"0445939"
"The Bye Bye Man"	"4030600"
"Cabin by the Lake"	"0199389"
"Cabin Fever"	"0303816"
"The Cabin in the Woods"	"1259521"
"The Cabinet of Dr. Caligari"	"0010323"
"Campfire Tales (1991)"	"0101538"
"Campfire Tales (1997)"	"0115813"
"Candyman"	"0103919"
"Cannibal Ferox"	"0082700"
"Cannibal Holocaust"	"0078935"
"Cannibal! The Musical"	"0115819"
"Captivity"	"0374563"
"The Car"	"0075809"
"Carnival of Souls"	"0055830"
"Carnosaur"	"0106521"
"Carrie"	"0074285"
"Carrie (1976)"	"0074285"
"The Rage: Carrie 2"	"0144814"
"Carrie (2002)"	"0319970"
"Carrie (2013)"	"1939659"
"Carriers"	"0806203"
"Carver"	"1001333"
"Case 39"	"0795351"
"The Cat and the Canary"	"0031143"
"The Cat o' Nine Tails"	"0065761"
"Cat People"	"0083722"
"Cat's Eye"	"0088889"
"The Cave"	"0402901"
"The Cavern"	"0059022"
"The Cell"	"0209958"
"Cemetery Man"	"0109592"
"Chain Letter"	"1148200"
"The Changeling"	"0080516"
"Chemical Wedding"	"0974536"
"Cheerleader Camp"	"0092744"
"Chernobyl Diaries"	"1991245"
"Cherry Falls"	"0175526"
"The Children"	"1172571"
"Child's Play"	"0094862"
"Child's Play 2"	"0099253"
"Child's Play 3"	"0103956"
"Bride of Chucky"	"0144120"
"Seed of Chucky"	"0387575"
"Curse of Chucky"	"2230358"
"Children of the Corn"	"0087050"
"Children of the Corn (1984)"	"0087050"
"Children of the Corn II: The Final Sacrifice"	"0106557"
"Children of the Corn III: Urban Harvest"	"0109415"
"Children of the Corn IV: The Gathering"	"0115885"
"Children of the Corn V: Fields of Terror"	"0150111"
"Children of the Corn 666: Isaac's Return"	"0177625"
"Children of the Corn: Revelation"	"0279730"
"Children of the Corn (2009)"	"1290135"
"Children of the Corn: Genesis"	"1745672"
"Children of the Night"	"2945892"
"Chinese Ghost Story"	"0093978"
"Chopping Mall"	"0090837"
"Christine"	"4666726"
"Christmas Evil"	"0081793"
"C.H.U.D."	"0087015"
"The Church"	"0094860"
"City of the Dead"	"0053719"
"City of the Living Dead"	"0081318"
"Class of Nuke 'Em High"	"0090849"
"Clawed: The Legend of Sasquatch"	"0364616"
"Clonus"	"0078062"
"Cloverfield"	"1060277"
"Clown"	"1780798"
"Club Dread"	"0331953"
"Cold Fish"	"1632547"
"Cold Prey"	"0808276"
"Colin"	"1278322"
"The Collector"	"0844479"
"The Company of Wolves"	"0087075"
"Come Out and Play"	"2341664"
"Confessions"	"1590089"
"The Conjuring"	"1457767"
"The Conspiracy"	"2330322"
"Contamination"	"0082000"
"Cornered!"	"1151911"
"Countess Dracula"	"0065580"
"The Covenant"	"0475944"
"The Craft"	"0115963"
"The Crawling Eye"	"0052320"
"The Crawling Hand"	"0056961"
"Crawlspace"	"0090881"
"The Crazies"	"0455407"
"Creature from the Black Lagoon"	"0046876"
"Revenge of the Creature"	"0048554"
"The Creature Walks Among Us"	"0049103"
"Creep (2004)"	"0381966"
"Creep (2014)"	"2428170"
"The Creeping Terror"	"0057970"
"Creepshow"	"0083767"
"Creepshow 2"	"0092796"
"Criminally Insane"	"0072831"
"Crimson Peak"	"2554274"
"Critters"	"0090887"
"Crocodile (1979)"	"0377707"
"Crocodile 2: Death Swamp"	"0257510"
"Cronos"	"0104029"
"Cruising"	"0080569"
"Cry Baby Lane"	"0221097"
"Cry_Wolf"	"0384286"
"Cthulhu"	"0478126"
"Cube"	"0123755"
"Cube 2: Hypercube"	"0285492"
"Cube Zero"	"0377713"
"Cujo"	"0085382"
"Cure"	"0123948"
"A Cure For Wellness"	"4731136"
"The Curse"	"0092809"
"The Curse of Frankenstein"	"0050280"
"Frankenstein and the Monster from Hell"	"0071519"
"The Curse of the Werewolf"	"0054777"
"Curse of the Zodiac"	"1033472"
"Cursed"	"0257516"
"The Cyclops"	"0050281"
"Dagon"	"0264508"
"The Dark"	"0411267"
"Dark Floors"	"0985025"
"Dark Harvest"	"2939114"
"Dark Night of the Scarecrow"	"0082235"
"The Dark Side of the Moon"	"0099364"
"Dark Universe"	"0106666"
"Dark Water"	"0382628"
"Darkness Falls"	"0282209"
"Day of the Animals"	"0075913"
"The Dead Lands"	"3399916"
"Dead & Buried"	"0082242"
"Dead Air"	"0993841"
"Dead End"	"0308152"
"Dead Friend"	"0410537"
"The Dead Matter"	"1055363"
"The Dead Next Door"	"0094962"
"Dead of Night"	"0037635"
"The Dead Pit"	"0122037"
"Dead Season"	"1650042"
"Dead Silence"	"0455760"
"Dead Snow"	"1278340"
"Dead Snow: Red vs. Dead"	"2832470"
"Deadgirl"	"0896534"
"The Deadly Bees"	"0061557"
"Deadly Blessing"	"0082245"
"Deadly Eyes"	"0083801"
"Deadly Friend"	"0090917"
"The Deadly Mantis"	"0050294"
"The Deadly Spawn"	"0087998"
"Deafula"	"0123790"
"Death Academy"	"0467486"
"Death Bed: The Bed That Eats"	"0385639"
"Death Bell"	"1438522"
"Deathgasm"	"3705412"
"Death House"	"2984576"
"Death Machine"	"0109575"
"Death on Demand"	"0902274"
"Death Screams"	"0085415"
"Death Warmed Up"	"0089002"
"The Deaths of Ian Stone"	"0810823"
"Deathwatch"	"0286306"
"Decoys"	"0357585"
"Deep Blue Sea"	"0149261"
"Deep Red"	"0073582"
"Deliver Us from Evil"	"2377322"
"Dementia 13"	"0056983"
"Demon Hunter"	"2375585"
"Bordello of Blood"	"0117826"
"Demons Never Die"	"1777612"
"The Den"	"2503154"
"The Dentist"	"0116075"
"Desperation"	"0129871"
"The Descent"	"0435625"
"The Descent Part 2"	"1073105"
"Detention"	"1701990"
"Devil"	"1314655"
"Devil Doll"	"0058007"
"The Devil-Doll"	"0027521"
"Devil Fish"	"0088100"
"The Devil Inside"	"1560985"
"The Devil's Backbone"	"0256009"
"The Devil's Carnival"	"2204379"
"Devil's Pass"	"1905040"
"Devil's Prey"	"0245866"
"The Devils"	"0066993"
"Devour"	"0406706"
"The Disappointments Room"	"2364897"
"Disciples of the Crow"	"0352297"
"Disturbia"	"0486822"
"Dog Soldiers"	"0280609"
"Dolls"	"0092906"
"Don't be Afraid of the Dark"	"1270761"
"Don't Go in the House"	"0080646"
"Don't Go in the Woods"	"0182996"
"Don't Look Now"	"0069995"
"Don't Open Till Christmas"	"0089038"
"Don't Torture a Duckling"	"0069019"
"Donnie Darko"	"0246578"
"Doom"	"0419706"
"The Dorm That Dripped Blood"	"0082279"
"Dr. Giggles"	"0104139"
"Dracula (1931)"	"0021814"
"Dracula's Daughter"	"0027545"
"Son of Dracula"	"0036376"
"Dracula (1979)"	"0079073"
"Dracula 2000"	"0219653"
"Drag Me to Hell"	"1127180"
"Dread"	"1331307"
"Dream Home"	"1407972"
"Dream House"	"1462041"
"The Driller Killer"	"0079082"
"Drive-In Massacre"	"0074434"
"Drive Thru"	"0466766"
"Dr. Jekyll and Mr. Hyde (1931)"	"0022835"
"The Drowning Ghost"	"0375100"
"Dying Breed"	"1064744"
"Earth vs. the Spider"	"0282178"
"Easter Bunny, Kill! Kill!"	"0780506"
"Eaten Alive"	"0074455"
"Eden Lake"	"1020530"
"Eight Legged Freaks"	"0271367"
"Elevated"	"0168730"
"Elfie Hopkins: Cannibal Hunter"	"1470022"
"The Entity"	"4689996"
"Equinox"	"0067055"
"Eraserhead"	"0074486"
"Escape from Tomorrow"	"2187884"
"Event Horizon"	"0119081"
"Evidence"	"1828970"
"The Evil"	"0077524"
"Evil Dead"	"1288558"
"The Evil Dead (1981)"	"0083907"
"Evil Dead 2"	"0092991"
"Army of Darkness"	"0106308"
"Evil Dead (2013)"	"1288558"
"Evil Dead Trap"	"0167147"
"Evil Ed"	"0116247"
"Evil Laugh"	"0095120"
"Evilspeak"	"0082346"
"Excision"	"1984153"
"The Exorcism of Emily Rose"	"0404032"
"The Exorcist"	"0070047"
"Exorcist II: The Heretic"	"0076009"
"The Exorcist III"	"0099528"
"Extraterrestrial"	"2960930"
"The Eye"	"0406759"
"Eye of the Devil"	"0061634"
"Eyes of a Stranger"	"0082352"
"Eyes Without a Face"	"0053459"
"The Facts in the Case of Mister Hollow"	"1269377"
"The Faculty"	"0133751"
"Fangs of the Living Dead"	"0062957"
"Faust: Love of the Damned"	"0223268"
"Fear Dot Com"	"0295254"
"Fear No Evil"	"0082367"
"The Fearless Vampire Killers"	"0061655"
"Feast"	"0426459"
"Feeders"	"0183072"
"Fender Bender"	"5131906"
"Fiend Without a Face"	"0050393"
"The Final"	"1390535"
"Final Destination"	"0195714"
"Final Destination"	"0195714"
"Final Destination 2"	"0309593"
"Final Destination 3"	"0414982"
"Final Destination 4"	"1144884"
"Final Destination 5"	"1622979"
"Final Exam"	"0082378"
"The Final Terror"	"0082379"
"The First Power"	"0099578"
"Five Nights at Freddy's"	"4589218"
"Flesh for Frankenstein"	"0071508"
"Flowers in the Attic"	"3074694"
"The Fly"	"0091064"
"The Fly (1958)"	"0051622"
"Return of the Fly"	"0053219"
"Curse of the Fly"	"0059076"
"The Fly II"	"0097368"
"The Fog"	"0432291"
"The Food of the Gods"	"0074540"
"Gnaw: Food of the Gods II"	"0097371"
"Forbidden World"	"0083959"
"Forget Me Not"	"1147684"
"The Forest (1982)"	"0122070"
"The Forest (2016)"	"3387542"
"Forever Evil"	"0093041"
"The Forsaken"	"0245120"
"found."	"2149360"
"Found Footage 3D"	"3449006"
"Four Flies on Grey Velvet"	"0066735"
"The Fourth Kind"	"1220198"
"Frankenfish"	"0384833"
"Frankenhooker"	"0099611"
"Frankenstein (1910)"	"0001223"
"Frankenstein (1931)"	"0021884"
"Bride of Frankenstein"	"0026138"
"Son of Frankenstein"	"0031951"
"The Ghost of Frankenstein"	"0034786"
"Frankenstein Meets the Wolf Man"	"0035899"
"Frankenstein's Army"	"1925435"
"Freaks"	"0022913"
"Freddy vs. Jason"	"0329101"
"Friday the 13th"	"0080761"
"Friday the 13th (1980)"	"0080761"
"Friday the 13th Part 2"	"0082418"
"Friday the 13th Part III"	"0083972"
"Friday the 13th: The Final Chapter"	"0087298"
"Friday the 13th Part V: A New Beginning"	"0089173"
"Friday the 13th Part VI: Jason Lives"	"0091080"
"Friday the 13th Part VII: The New Blood"	"0095179"
"Friday the 13th Part VIII: Jason Takes Manhattan"	"0097388"
"Jason Goes to Hell: The Final Friday"	"0107254"
"Jason X"	"0211443"
"Friday the 13th (2009)"	"0758746"
"Fright Night (1985)"	"0089175"
"Fright Night (2011)"	"1438176"
"The Frighteners"	"0116365"
"Frogs"	"0068615"
"From Beyond"	"0091083"
"From Dusk Till Dawn"	"0116367"
"From Dusk Till Dawn 2: Texas Blood Money"	"0120860"
"From Dusk Till Dawn 3: The Hangman's Daughter"	"0120695"
"Frontier(s)"	"0814685"
"Frostbite"	"1893241"
"Frostbiter: Wrath of the Wendigo"	"0116371"
"Funeral Home"	"0083976"
"The Funhouse"	"0082427"
"Funny Games"	"0808279"
"Funny Man"	"0109858"
"Galaxy of Terror"	"0082431"
"The Gallows"	"2309260"
"Game Of Assassins"	"1067773"
"The Gate"	"0093075"
"Gemini"	"5795086"
"Get Out"	"5052448"
"The Ghost (1963)"	"0057522"
"The Ghost and the Darkness"	"0116409"
"The Ghost Dance"	"0080787"
"Ghost in the Machine"	"4866214"
"Ghost Shark"	"2600742"
"Ghost Ship"	"0288477"
"Ghost Storm"	"1939686"
"Ghost Voyage"	"1144579"
"Ghosts of Mars"	"0228333"
"Ghostwatch"	"0200659"
"Ghoulies"	"0089200"
"Ghoulies II"	"0093091"
"Ghoulies III: Ghoulies Go to College!"	"0097429"
"The Giant Gila Monster"	"0052846"
"The Giant Spider Invasion"	"0073043"
"The Gingerdead Man"	"0364376"
"Ginger Snaps"	"0210070"
"Ginger Snaps 2: Unleashed"	"0353489"
"Ginger Snaps Back: The Beginning"	"0365265"
"The Girl Next Door (2007)"	"0830558"
"Girl House"	"2577172"
"A Girl Walks Home Alone At Night"	"2326554"
"Godzilla (1954)"	"0047034"
"Godzilla Raids Again"	"0048127"
"Shin Godzilla"	"4262980"
"The Golem"	"0011237"
"Goodnight Mommy"	"3086442"
"The Good Son"	"0107034"
"Gore Orphanage"	"3831242"
"Gorgo"	"0054938"
"The Gorgon"	"0058155"
"Goth (2003)"	"0366530"
"Goth (2008)"	"1092006"
"Graduation Day"	"0082467"
"Grave Encounters"	"1703199"
"Grave Encounters 2"	"2231554"
"Grave of the Vampire"	"0068658"
"Graveyard Shift"	"0099697"
"The Green Elephant"	"1003080"
"The Green Inferno"	"2403021"
"Grindhouse"	"0462322"
"Planet Terror"	"1077258"
"Death Proof"	"1028528"
"Grizzly"	"0074593"
"Grizzly Park"	"0915460"
"The Grudge"	"0391198"
"Gutterballs"	"1087853"
"The Hallow"	"2474976"
"Halloween"	"0077651"
"Halloween (1978)"	"0077651"
"Halloween II (1981)"	"0082495"
"Halloween III: Season of the Witch"	"0085636"
"Halloween 4: The Return of Michael Myers"	"0095271"
"Halloween 5: The Revenge of Michael Myers"	"0097474"
"Halloween: The Curse of Michael Myers"	"0113253"
"Halloween: Resurrection"	"0220506"
"Halloween (2007)"	"0373883"
"Halloween II (2009)"	"1311067"
"The Hamiltons"	"0443527"
"The Thompsons"	"1831806"
"Hansel and Gretel (2007)"	"1002567"
"Hansel and Gretel (2013)"	"3675828"
"Hansel vs. Gretel"	"4145350"
"The Happening"	"0949731"
"Happy Birthday to Me"	"0082498"
"Happy Hell Night"	"0236283"
"Harbinger Down"	"3397918"
"Hardware"	"0099740"
"Hatchet"	"0422401"
"Haunted Forest"	"0462517"
"Haunter"	"2345567"
"The Haunting (1963)"	"0057129"
"The Haunting (1999)"	"0171363"
"The Haunting Hour"	"0905994"
"The Haunting of Molly Hartley"	"1045655"
"The Haunting of Whaley House"	"2396701"
"Hausu"	"0076162"
"Häxan"	"0013257"
"He Knows You're Alone"	"0080850"
"Heartless"	"1220214"
"Hell Night"	"0082511"
"Hell of the Living Dead"	"0082559"
"Hellraiser"	"0093177"
"Hellraiser"	"0093177"
"Hellbound: Hellraiser II"	"0095294"
"Hellraiser III: Hell on Earth"	"0104409"
"Hellraiser: Bloodline"	"0116514"
"Hellraiser: Inferno"	"0229440"
"Hellraiser: Hellseeker"	"0274546"
"Hellraiser: Deader"	"0337636"
"Hellraiser: Hellworld"	"0354623"
"Hellraiser: Revelations"	"1716747"
"Henry: Portrait of a Serial Killer"	"0099763"
"Here Alone"	"4814760"
"Hide and Seek"	"0382077"
"The Hideous Sun Demon"	"0052888"
"High Tension"	"0338095"
"The Hills Have Eyes (1977)"	"0077681"
"The Hills Have Eyes Part II"	"0089274"
"The Hills Have Eyes (2006)"	"0454841"
"The Hills Have Eyes 2"	"0800069"
"The Hills Run Red"	"0907676"
"The Hitcher"	"0091209"
"Hive Mind"	"1550506"
"Hold Your Breath"	"2240312"
"Holidays"	"4419364"
"Holocaust 2000"	"0077332"
"Home Movie"	"1267319"
"Home Sweet Home"	"0082522"
"Honeymoon"	"3177316"
"The Horror at 37,000 Feet"	"0068715"
"Horror Express"	"0068713"
"A Horrible Way To Die"	"1617620"
"Horror of Dracula"	"0051554"
"The Brides of Dracula"	"0053677"
"Dracula: Prince of Darkness"	"0059127"
"Dracula Has Risen from the Grave"	"0062909"
"Taste the Blood of Dracula"	"0065073"
"Scars of Dracula"	"0067713"
"Dracula A.D. 1972"	"0068505"
"The Satanic Rites of Dracula"	"0070634"
"The Legend of the 7 Golden Vampires"	"0070297"
"The Horror of Party Beach"	"0058208"
"Horsemen"	"0892767"
"Hospital Massacre"	"0082527"
"The Host"	"0468492"
"Hostel"	"0450278"
"House"	"0091223"
"House II: The Second Story"	"0093220"
"House IV"	"0104449"
"House at the End of the Street"	"1582507"
"The House by the Cemetery"	"0082966"
"House of 1000 Corpses"	"0251736"
"The Devil's Rejects"	"0395584"
"House of Bones"	"1334536"
"House of Frankenstein"	"0036931"
"House of Dracula"	"0037793"
"Abbott and Costello Meet Frankenstein"	"0040068"
"House of the Dead"	"0317676"
"House of the Dead II: Dead Aim"	"0435665"
"The House of the Devil"	"1172994"
"House of the Wolf Man"	"1483768"
"House of Wax (1953)"	"0045888"
"House of Wax (2005)"	"0397065"
"House of Whipcord"	"0071628"
"House on Haunted Hill (1959)"	"0051744"
"House on Haunted Hill (1999)"	"0185371"
"The House on Sorority Row"	"0085694"
"Sorority Row"	"1232783"
"House on the Edge of the Park"	"0080503"
"The House That Drips Blood on Alex"	"1691424"
"Housebound"	"3504048"
"The Houses October Built"	"1958043"
"How to be a Serial Killer"	"1038971"
"Howl"	"2393827"
"The Howling"	"0082533"
"The Human Centipede"	"1467304"
"Humongous"	"0082537"
"The Hunger"	"0085701"
"Hunting Humans"	"0339184"
"Hush"	"5022702"
"I Am The Pretty Thing That Lives In The House"	"5059406"
"I Bought a Vampire Motorcycle"	"0097550"
"Ice Cream Man"	"0113376"
"Idle Hands"	"0138510"
"I Drink Your Blood"	"0067229"
"I Know What You Did Last Summer"	"0119345"
"I Know Who Killed Me"	"0897361"
"Ils"	"0465203"
"I, Monster"	"0068727"
"In the Mouth of Madness"	"0113409"
"The Incredible Melting Man"	"0076191"
"The Incredibly Strange Creatures Who Stopped Living and Became Mixed-Up Zombies!!?"	"0057181"
"The Indestructible Man"	"0049363"
"Infection"	"0418778"
"Infestation"	"1020543"
"The Innkeepers"	"1594562"
"Innocent Blood"	"0104511"
"The Innocents"	"4370784"
"Inside"	"0856288"
"Insidious"	"1591095"
"Insomnia"	"0278504"
"Intensive Care"	"3221016"
"Intruder"	"3014556"
"Intruders"	"4009278"
"Invasion of the Body Snatchers (1956)"	"0049366"
"Invasion of the Body Snatchers (1978)"	"0077745"
"Body Snatchers"	"0106452"
"The Invasion"	"0427392"
"The Invisible Man"	"0024184"
"The Invisible Man Returns"	"0032635"
"The Invitation"	"0248110"
"I Saw the Devil"	"1588170"
"I Sell the Dead"	"0902290"
"The Island of Doctor Moreau"	"0076210"
"Island of Lost Souls"	"0024188"
"Island of Terror"	"0060548"
"It"	"1396484"
"It"	"1396484"
"It Came from Beneath the Sea"	"0048215"
"It Came from Outer Space"	"0045920"
"It Comes at Night"	"4695012"
"It Conquered the World"	"0049370"
"It Follows"	"3235888"
"It Lives by Night"	"0071198"
"It's Alive"	"0071675"
"It's My Party and I'll Die If I Want To"	"1220890"
"I Walked with a Zombie"	"0036027"
"I Was a Teenage Werewolf"	"0050530"
"Jack Brooks: Monster Slayer"	"0816539"
"Jack Frost"	"0116671"
"Jacob's Ladder"	"0099871"
"Jaws"	"0073195"
"Jaws 2"	"0077766"
"Jaws: The Revenge"	"0093300"
"Jeepers Creepers"	"0263488"
"Jeepers Creepers 2"	"0301470"
"Jennifer's Body"	"1131734"
"Jesus Christ: Vampire Hunter"	"0311361"
"Joshua"	"0808331"
"Journey to the Seventh Planet"	"0056127"
"Joy Ride"	"0206314"
"Joy Ride 2: Dead Ahead"	"1140941"
"Joy Ride 3: Roadkill"	"3138376"
"Juan of the Dead"	"1838571"
"Jug Face"	"2620736"
"Julia's Eyes"	"1512685"
"Ju-on"	"0364385"
"Ju-Rei"	"0445483"
"Just Before Dawn"	"0082592"
"Karla"	"0424938"
"The Keep"	"0085780"
"Kill List"	"1788391"
"Killdozer"	"0071717"
"Killer Klowns from Outer Space"	"0095444"
"Killer Nerd"	"0102209"
"The Killer Shrews"	"0052969"
"The Killing of Satan"	"0085792"
"Kingdom of the Spiders"	"0076271"
"KISS Meets the Phantom of the Park"	"0077788"
"Kiss of the Tarantula"	"0131449"
"Knock Knock (2015)"	"3605418"
"Komodo"	"0172669"
"Konga"	"0055058"
"Krampus"	"3850590"
"Kwaidan"	"0058279"
"Laid to Rest"	"1228933"
"The Lair of the White Worm"	"0095488"
"Lake Bodom"	"3743042"
"Lake Mungo"	"0816556"
"Lake Placid"	"0139414"
"Lake Placid Vs Anaconda"	"4497416"
"The Last Broadcast"	"0122143"
"The Last Exorcism"	"1320244"
"The Last House on the Left"	"0844708"
"The Last Lovecraft: Relic of Cthulhu"	"1522262"
"The Last Man on Earth"	"0058700"
"The Last Shark"	"0081677"
"Last Shift"	"2965466"
"The Last Slumber Party"	"0212302"
"The Last Winter"	"0454864"
"Las Vegas Bloodbath"	"0240670"
"The Leech Woman"	"0054020"
"Left Bank"	"0940723"
"The Legacy"	"0079450"
"The Legend of Boggy Creek"	"0068837"
"Boggy Creek 2: The Legend Continues"	"0088772"
"The Legend of Wasco"	"5047424"
"Leprechaun"	"0107387"
"Leprechaun 2"	"0110329"
"Leprechaun 3"	"0113636"
"Leprechaun 4: In Space"	"0116861"
"Leprechaun in the Hood"	"0209095"
"Leprechaun: Back 2 tha Hood"	"0339294"
"Leprechaun: Origins"	"2345613"
"The Leopard Man"	"0036104"
"Lesbian Vampire Killers"	"1020885"
"Leviathan (1989)"	"0097737"
"Lifeforce"	"0089489"
"Lighthouse"	"0139426"
"Lights Out (2016)"	"4786282"
"Lisa and the Devil"	"0068863"
"Little Sweetheart"	"0095881"
"Livid"	"1727516"
"The Living Dead at Manchester Morgue"	"0071431"
"Night of the Living Dead (1968)"	"0063350"
"Dawn of the Dead (1978)"	"0077402"
"Day of the Dead (1985)"	"0088993"
"Night of the Living Dead (1990)"	"0100258"
"Dawn of the Dead (2004)"	"0363547"
"Land of the Dead"	"0418819"
"Diary of the Dead"	"0848557"
"Day of the Dead (2008)"	"0489018"
"Survival of the Dead"	"1134854"
"The Loch Ness Horror"	"0082669"
"Locusts: The 8th Plague"	"0491661"
"Long Pigs"	"0971204"
"Lord of Illusions"	"0113690"
"Lord Of Tears"	"2367066"
"The Lords of Salem"	"1731697"
"Lost After Dark"	"3397556"
"The Lost Boys"	"0093437"
"The Lost Coast Tapes"	"1740725"
"The Loved Ones"	"1316536"
"Lovers Lane"	"0187251"
"Lovely Molly"	"1707392"
"Lucky Bastard"	"2417854"
"Madhouse (2004)"	"0363276"
"The Mad Monster"	"0035009"
"Madman"	"0082696"
"Magic"	"0077889"
"Making Contact"	"0089378"
"Mama"	"2023587"
"Man Bites Dog"	"0103905"
"The Man Who Laughs"	"0019130"
"Man's Best Friend"	"0107504"
"Man-Thing"	"0290747"
"Man Vs"	"3584354"
"Maneater"	"0066365"
"The Mangler"	"0113762"
"Maniac"	"2103217"
"Maniac Cop"	"0095583"
"Maniac Cop 2"	"0100107"
"Maniac Cop 3: Badge of Silence"	"0104808"
"Manos The Hands of Fate"	"0060666"
"Martin"	"0077914"
"Martyrs"	"1029234"
"Mary Shelley's Frankenstein"	"0109836"
"The Masque of the Red Death"	"0058333"
"Matango"	"0057295"
"Maximum Overdrive"	"0091499"
"May"	"0303361"
"Mega Shark vs. Giant Octopus"	"1350498"
"Megan Is Missing"	"1087461"
"Mexican Werewolf In Texas"	"0756689"
"The Messengers"	"0425430"
"The Midnight Meat Train"	"0805570"
"Midnight Movie"	"0981224"
"Mikey"	"0104870"
"Mimic"	"0119675"
"Mirrors"	"0790686"
"Misery"	"0100157"
"The Mist"	"0884328"
"Mister Frost"	"0100161"
"The Monolith Monsters"	"0050720"
"The Monster"	"3976144"
"Monster a-Go Go"	"0059464"
"Monster Brawl"	"1716753"
"The Monster Club"	"0081178"
"Monster in the Closet"	"0091544"
"Monster Man"	"0365513"
"The Monster That Challenged the World"	"0050722"
"Monsters Crash the Pajama Party"	"0059466"
"Moontrap"	"0097911"
"Motel Hell"	"0081184"
"Mother's Day"	"4824302"
"The Mothman Prophecies"	"0265349"
"Motor Home Massacre"	"0491063"
"The Mountain of the Cannibal God"	"0077945"
"Mr. Sardonicus"	"0055200"
"The Mummy (1932)"	"0023245"
"The Mummy (1959)"	"0053085"
"The Curse of the Mummy's Tomb"	"0057986"
"The Mummy's Shroud"	"0062006"
"The Mummy (2017)"	"2345759"
"The Mummy (1999)"	"0120616"
"The Mummy Returns"	"0209163"
"The Mummy: Tomb of the Dragon Emperor"	"0859163"
"The Mummy's Hand"	"0032818"
"Muoi: The Legend of a Portrait"	"0937231"
"Murders in the Rue Morgue"	"0067457"
"Murders in the Zoo"	"0024360"
"The Mummy's Hand"	"0032818"
"My Bloody Valentine"	"1179891"
"My Bloody Valentine 3D"	"1179891"
"My Little Eye"	"0280969"
"My Soul to Take"	"0872230"
"Mystery of the Wax Museum"	"0024368"
"My Super Psycho Sweet 16"	"1488584"
"Naboer"	"0453383"
"The Nail Gun Massacre"	"0089665"
"Near Dark"	"0093605"
"Necronomicon"	"0107664"
"Nekromantik"	"0093608"
"The Neon Demon"	"1974419"
"Ne Te Retourne Pas (\"Don't Look Back\")"	"1075113"
"Never Cry Werewolf"	"1135933"
"New Year's Evil"	"0082806"
"The New York Ripper"	"0084719"
"Next of Kin (1982)"	"0084408"
"The Night Flier"	"0119784"
"Night of the Big Heat"	"0062037"
"Night of the Blood Beast"	"0051993"
"Night of the Creeps"	"0091630"
"Night of the Demon"	"0050766"
"Night of the Demons (1988)"	"0093624"
"Night of the Demons 2"	"0110667"
"Night of the Demons 3"	"0116073"
"Night of the Demons (2009)"	"1268809"
"Night of the Ghouls"	"0156843"
"Night of the Lepus"	"0069005"
"A Night to Dismember"	"0126527"
"Nightbreed"	"0100260"
"Nightmare"	"0082818"
"A Nightmare on Elm Street"	"1179056"
"A Nightmare on Elm Street (1984)"	"0087800"
"A Nightmare on Elm Street Part 2: Freddy's Revenge"	"0089686"
"A Nightmare on Elm Street 3: Dream Warriors"	"0093629"
"A Nightmare on Elm Street 4: The Dream Master"	"0095742"
"A Nightmare on Elm Street 5: The Dream Child"	"0097981"
"Freddy's Dead: The Final Nightmare"	"0101917"
"Wes Craven's New Nightmare"	"0111686"
"Nightmares"	"0086014"
"Nightwish"	"0097982"
"Nine Lives (2002)"	"0318497"
"No One Lives"	"1763264"
"Noroi: The Curse"	"0930083"
"Nosferatu"	"0013442"
"Nudist Colony of the Dead"	"0102564"
"Oculus"	"2388715"
"Of Unknown Origin"	"0086036"
"The Old Dark House (1932)"	"0023293"
"The Omega Man"	"0067525"
"The Omen"	"0075005"
"The Omen (1976)"	"0075005"
"Damien: Omen II"	"0077394"
"Omen III: The Final Conflict"	"0082377"
"Omen IV: The Awakening"	"0102585"
"The Omen (2006)"	"0466909"
"One Missed Call"	"0479968"
"Onibaba"	"0058430"
"Open Grave"	"2071550"
"Opera"	"0093677"
"The Oracle"	"0089735"
"Orca: The Killer Whale"	"0076504"
"Orphan"	"1148204"
"The Orphanage"	"0464141"
"Other Halves"	"4308714"
"The Others"	"0230600"
"Otto; Or Up with Dead People"	"1151384"
"Ouija"	"1204977"
"Ouija: Origin of Evil"	"4361050"
"The Outing"	"0086262"
"Outpost"	"0892899"
"Oyayubihime"	"6433128"
"P2"	"0804516"
"The Pact"	"2040560"
"A Page of Madness"	"0017048"
"Pandorum"	"1188729"
"Panna a netvor"	"0078054"
"Paranoiac"	"0057401"
"Paranormal Activity"	"1179904"
"Pathogen"	"0481598"
"Patrick"	"2147459"
"Peeping Tom"	"0054167"
"The People Under the Stairs"	"0105121"
"Pet Sematary"	"0098084"
"Pet Sematary Two"	"0105128"
"Phantasm"	"0079714"
"The Phantom of the Opera (1925)"	"0016220"
"Phantom of the Opera (1943)"	"0036261"
"The Phantom of the Opera (1962)"	"0056347"
"The Phantom of the Opera (1989)"	"0098090"
"Phase IV"	"0070531"
"Phenomena"	"0087909"
"Phone"	"0323630"
"Pieces"	"0082748"
"Piranha"	"0078087"
"Piranha Part Two: The Spawning"	"0082910"
"Piranha 3D"	"0464154"
"Piranha 3DD"	"1714203"
"The Pit"	"0086113"
"The Plague of the Zombies"	"0060841"
"Plan 9 from Outer Space"	"0052077"
"Poltergeist"	"0084516"
"Poltergeist II: The Other Side"	"0091778"
"Poltergeist III"	"0095889"
"Pontypool"	"1226681"
"The Pool"	"0283027"
"Popcorn"	"0102690"
"Possession"	"0082933"
"The Possession"	"0431021"
"The Possession Of Michael King"	"2282016"
"The Poughkeepsie Tapes"	"1010271"
"Poultrygeist: Night of the Chicken Dead"	"0462485"
"Predator"	"3829266"
"Predator 2"	"0100403"
"Predators"	"1424381"
"The Prey"	"0086137"
"Primeval"	"0772193"
"Prince of Darkness"	"0093777"
"Prison"	"0095904"
"The Profane Exhibit"	"2066123"
"The Projected Man"	"0062159"
"Project Metal Beast"	"0114193"
"Prometheus"	"1446714"
"Alien: Covenant"	"2316204"
"Prom Night (1980)"	"0081383"
"Hello Mary Lou: Prom Night II"	"0093176"
"Prom Night III: The Last Kiss"	"0098136"
"Prom Night IV: Deliver Us From Evil"	"0105179"
"Prom Night (2008)"	"0926129"
"Prophecy"	"0079758"
"The Prophecy"	"0114194"
"The Prophecy II"	"0118643"
"The Prophecy 3: The Ascent"	"0183678"
"Proteus"	"0276816"
"The Prowler"	"0082951"
"Pro Wrestlers vs. Zombies"	"2240046"
"Psycho"	"0054215"
"Psycho II"	"0086154"
"Psycho III"	"0091799"
"Psycho IV: The Beginning"	"0102724"
"Psycho Beach Party"	"0206226"
"Psycho Cop"	"0095922"
"Psycho Cop Returns"	"0107894"
"Pulgasari"	"0089851"
"The Pumpkin Karver"	"0810444"
"Pumpkinhead"	"0095925"
"Puppet Master"	"0098143"
"The Pyramid"	"2799166"
"Q: The Winged Serpent"	"0084556"
"Quarantine"	"1082868"
"Rabies"	"1754000"
"Race With the Devil"	"0073600"
"Rampage"	"2231461"
"Rare Exports: A Christmas Tale"	"1401143"
"The Raven (1935)"	"0026912"
"The Raven (1963)"	"0057449"
"Ravenous"	"0129332"
"Raw"	"4954522"
"Rawhead Rex"	"0091829"
"Razorback"	"0087981"
"Re-Animator"	"0089885"
"Bride of Re-Animator"	"0099180"
"Beyond Re-Animator"	"0222812"
"The Reaping"	"0444682"
"Reazione a Catena"	"0115857"
"[REC]"	"1038988"
"Red Mist"	"1185264"
"Red Rover"	"0345852"
"The Red Shoes"	"0468683"
"Red State"	"0873886"
"Red Water"	"0365677"
"The Reef"	"1320291"
"Reeker"	"0393635"
"Reincarnation"	"0456630"
"The Relic"	"0120004"
"Repo! The Genetic Opera"	"0963194"
"Repulsion"	"0059646"
"Resident Evil"	"0120804"
"Resident Evil: Apocalypse"	"0318627"
"Resident Evil: Extinction"	"0432021"
"Resident Evil: Afterlife"	"0432021"
"Resident Evil: Retribution"	"1855325"
"Resident Evil: The Final Chapter"	"2592614"
"Resident Evil: Degeneration"	"1174954"
"Resident Evil: Damnation"	"1753496"
"Resident Evil: Vendetta"	"5776208"
"Resolution"	"1977895"
"The Return (1980)"	"0081421"
"Return to Horror High"	"0093854"
"Return of the Living Dead"	"0089907"
"The Return of the Living Dead"	"0089907"
"Return of the Living Dead Part II"	"0107953"
"Return of the Living Dead: Necropolis"	"0411805"
"Return of the Living Dead: Rave to the Grave"	"0411806"
"The Ring"	"0298130"
"The Ring Two"	"0377109"
"Rings"	"0498381"
"Road Train"	"1241330"
"RoboGeisha"	"1381512"
"Robot Monster"	"0046248"
"The Robot vs. The Aztec Mummy"	"0050717"
"The Roommate"	"1265990"
"Rosemary's Baby"	"0063522"
"Rubber"	"1612774"
"The Ruins"	"0963794"
"Rumpelstiltskin"	"0114306"
"The Sacrament"	"2383068"
"Sadako Vs Kayako"	"5309954"
"Salvage"	"1297298"
"The Sand"	"3399484"
"Santa Sangre"	"0098253"
"Santa's Slay"	"0393685"
"Satan's Little Helper"	"0380687"
"Satan's Children"	"0128451"
"Sauna"	"1124394"
"Savaged"	"2378453"
"Saw"	"0387564"
"Saw (2004)"	"0387564"
"Saw II"	"0432348"
"Saw III"	"0489270"
"Saw IV"	"0890870"
"Saw V"	"1132626"
"Saw VI"	"1233227"
"Saw 3D"	"1477076"
"Saw Legacy"	"3348730"
"Scalps"	"0086248"
"Scanners"	"0081455"
"Scanners II: The New Order"	"0102848"
"Scanners III: The Takeover"	"0105322"
"Scanner Cop"	"0111082"
"Scanner Cop II"	"0114344"
"Scarecrows"	"0096046"
"Scary or Die"	"1833879"
"Scooby-Doo On Zombie Island"	"0166792"
"Scream (1981)"	"0086262"
"Scream"	"0117571"
"Scream (1996)"	"0117571"
"Scream 2"	"0120082"
"Scream 3"	"0134084"
"Scream 4"	"1262416"
"Scream Bloody Murder"	"0070654"
"Scream For Help"	"0088066"
"Scream Park"	"2336104"
"Screamers"	"0114367"
"The Screaming Skull"	"0052169"
"Séance"	"0814343"
"See No Evil"	"0437179"
"See No Evil 2"	"3106120"
"The Sentinel"	"0076683"
"A Serbian Film"	"1273235"
"The Serpent and the Rainbow"	"0096071"
"Session 9"	"0261983"
"Severance"	"0464196"
"Shadow of the Vampire"	"0189998"
"Shakma"	"0100589"
"The Shallows"	"4052882"
"Shark Attack"	"0161970"
"Shark Attack 3: Megalodon"	"0313597"
"Shark in Venice"	"1087474"
"Shark Night"	"1867055"
"Sharktopus"	"1619880"
"The She-Creature"	"0050957"
"She-Wolf of London"	"0038934"
"The Shining"	"0081505"
"Shivers"	"0073705"
"Shock 'Em Dead"	"0102910"
"Shock Waves"	"0076704"
"Shocker"	"0098320"
"The Shrine"	"1341710"
"Shrooms"	"0492486"
"Shut In"	"2582500"
"Shutter"	"0482599"
"Shuttle"	"0880648"
"Sick Girl"	"1078931"
"Siege of the Dead"	"1583356"
"The Signal (2007)"	"0780607"
"Silent Hill"	"0384537"
"Silent Hill: Revelation 3D"	"0938330"
"The Silent House (2010)"	"1646973"
"Silent House (2012)"	"3462264"
"Silent Night, Deadly Night"	"0088117"
"Silent Night, Deadly Night Part 2"	"0088117"
"Silent Night, Deadly Night III: Better Watch Out!"	"0098331"
"Initiation: Silent Night, Deadly Night 4"	"0100618"
"Silent Night, Deadly Night 5: The Toy Maker"	"0105410"
"Silent Night"	"2347497"
"Silver Bullet"	"0090021"
"The Sinful Dwarf"	"0070696"
"Sinister"	"1922777"
"The Sinners of Hell"	"0154683"
"Sisters"	"1850457"
"The Sixth Sense"	"0167404"
"The Skeleton Key"	"0397101"
"Slaughter High"	"0091969"
"Sledgehammer"	"0244800"
"Sleepaway Camp"	"0086320"
"Judy"	"4164244"
"Sleepaway Camp II: Unhappy Campers"	"0096118"
"Sleepaway Camp III: Teenage Wasteland"	"0096119"
"Sleepaway Camp IV: The Survivor"	"2222430"
"Return to Sleepaway Camp"	"0382943"
"Sleep Tight"	"1437358"
"Sleepwalkers"	"0105428"
"Sleepy Hollow (1999)"	"0162661"
"Slither"	"0439815"
"Slugs"	"0093995"
"The Slumber Party Massacre"	"0084695"
"Slumber Party Massacre II"	"0093996"
"Slumber Party Massacre III"	"0100639"
"Smiley"	"2025667"
"Snuff 102"	"0984118"
"Society"	"0098354"
"Southbound"	"4935334"
"Species"	"0114508"
"Spiders"	"0203940"
"Spiders II: Breeding Ground"	"0282179"
"Spider Baby or, the Maddest Story Ever Told"	"0058606"
"Splice"	"1017460"
"Splinter"	"1031280"
"Split"	"4972582"
"Spontaneous Combustion"	"0098375"
"Squirm"	"0075261"
"StageFright -Aquarius-"	"0092576"
"Stake Land"	"1464580"
"Starry Eyes"	"2793490"
"Stay Alive"	"0441796"
"The Stepfather"	"0814335"
"The Stepford Wives"	"0327162"
"Steve Niles' Remains"	"1870527"
"Stigmata"	"0145531"
"Stitches (2001)"	"0261322"
"Stitches (2012)"	"2126362"
"The Strangers"	"0482606"
"Street Trash"	"0094057"
"Student Bodies"	"0083133"
"The Stuff"	"0090094"
"Subject Two"	"0492912"
"Subspecies"	"0103002"
"Superstition"	"0084739"
"Suspect Zero"	"0324127"
"Suspiria"	"0076786"
"Inferno"	"3062096"
"Mother of Tears"	"0804507"
"Sweet Home"	"3477752"
"Sweet Sixteen"	"0083146"
"A Tale of Two Sisters"	"0365376"
"Tales from the Crypt"	"0069341"
"Tales from the Darkside: The Movie"	"0100740"
"Tales from the Hood"	"0114609"
"Tamara"	"0401815"
"Tape 407"	"2062661"
"Tarantula"	"0048696"
"Targets"	"0063671"
"Tasmanian Devils"	"2180543"
"Ted Bundy"	"0284929"
"Teen-Age Strangler"	"0059786"
"Teeth"	"0780622"
"Tenebre"	"0084777"
"The Terror"	"0057569"
"Terror Firmer"	"0169299"
"Terror Train"	"0081617"
"Tetsuo: The Iron Man"	"0096251"
"The Texas Chainsaw Massacre"	"0072271"
"The Texas Chainsaw Massacre 2"	"0092076"
"Leatherface: The Texas Chainsaw Massacre III"	"0099994"
"Texas Chainsaw Massacre: The Next Generation"	"0110978"
"The Texas Chainsaw Massacre (2003)"	"0324216"
"The Texas Chainsaw Massacre: The Beginning"	"0420294"
"Texas Chainsaw 3D"	"1572315"
"ThanksKilling"	"1129441"
"Theatre of Blood"	"0070791"
"Them!"	"0047573"
"They"	"0283632"
"They Look Like People"	"4105970"
"There's Nothing Out There"	"0103077"
"The Thing (1982)"	"0084787"
"The Thing (2011)"	"0905372"
"The Thing from Another World"	"0044121"
"The Thing That Couldn't Die"	"0052289"
"Thir13en Ghosts"	"0245674"
"Thirst"	"0762073"
"Three... Extremes"	"0420251"
"Ticks"	"0108339"
"Time Walker"	"0084796"
"The Tingler"	"0053363"
"The Toolbox Murders"	"0078405"
"Tormented"	"1100053"
"The Town That Dreaded Sundown"	"2561546"
"Touch of Satan"	"0066476"
"Track of the Moon Beast"	"0075343"
"Trailer Park of Terror"	"0892109"
"Train to Busan"	"5700672"
"Trauma"	"0074258"
"Tremors"	"0100814"
"Tremors 2: Aftershocks"	"0114720"
"Tremors 3: Back to Perfection"	"0259685"
"Tremors 4: The Legend Begins"	"0334541"
"Tremors 5: Bloodlines"	"4180514"
"Trick or Treat"	"0092112"
"Trick 'r Treat"	"0862856"
"Trilogy of Terror"	"0073820"
"Trilogy of Terror II"	"0117966"
"Troll"	"0092115"
"Troll 2"	"0105643"
"The Troll Hunter"	"1740707"
"Tromeo and Juliet"	"0114733"
"Trucks"	"0120380"
"Truth or Dare?: A Critical Madness"	"0092118"
"Tucker & Dale Vs. Evil"	"1465522"
"Twilight Zone: The Movie"	"0086491"
"The Two Faces of Dr. Jekyll"	"0054416"
"Two Thousand Maniacs!"	"0058694"
"Uncle Sam"	"0118025"
"The Unborn"	"1139668"
"The Uncanny"	"0076853"
"The Undead"	"0070078"
"Undead or Alive"	"0795505"
"The Unearthly"	"0051134"
"Unfriended"	"3713166"
"Uninhabited"	"1459013"
"The Uninvited (2009)"	"0815245"
"Uninvited"	"0096341"
"Unmasked Part 25"	"0096343"
"Untraceable"	"0880578"
"Urban Explorer"	"1642665"
"Urban Legend"	"0146336"
"Urban Legends: Final Cut"	"0192731"
"Urban Legends: Bloody Mary"	"0451957"
"Vacancy"	"0452702"
"The Vagrant"	"0105719"
"Valentine"	"0242998"
"Valerie and Her Week of Wonders"	"0066516"
"The Vampire"	"0023649"
"Vampire Girl vs. Frankenstein Girl"	"1425928"
"The Vampire Lovers"	"0066518"
"Vampyr"	"0023649"
"Van Helsing"	"0338526"
"Vanishing on 7th Street"	"1452628"
"Vase de Noces"	"0072355"
"Venom"	"1270797"
"Versus"	"0275773"
"V/H/S"	"2105044"
"V/H/S/2"	"2450186"
"V/H/S: Viral"	"3704538"
"Victor Frankenstein"	"1976009"
"Videodrome"	"0086541"
"Vile"	"1711018"
"The Village"	"0368447"
"Village of the Damned (1960)"	"0054443"
"Village of the Damned (1995)"	"0114852"
"Violent Shit"	"4198186"
"The Visit"	"3567288"
"Visiting Hours"	"0083296"
"The Void"	"4255304"
"The Wailing"	"5215952"
"Wake Wood"	"1296899"
"Wasting Away"	"1528840"
"The Ward"	"1369706"
"Warlock"	"0053434"
"Warlock: The Armageddon"	"0108517"
"Warlock III: The End of Innocence"	"0157171"
"Warriors of Terra"	"0490240"
"Waxwork"	"0096426"
"We Are Still Here"	"3520418"
"We Are What We Are"	"2309021"
"Welp"	"3061836"
"Werewolf"	"0118137"
"Werewolf of London"	"0027194"
"The Werewolf of Washington"	"0070908"
"What Have You Done to Solange?"	"0068416"
"What We Become"	"3547682"
"When a Killer Calls"	"0490798"
"When a Stranger Calls"	"0455857"
"Where the Dead Go to Die"	"2095004"
"Wish Upon"	"5322012"
"The Whisperer in Darkness"	"1498878"
"White: The Melody of the Curse"	"1984177"
"White Zombie"	"0023694"
"Who Can Kill a Child?"	"0075462"
"Wicked Little Things"	"0470000"
"The Wicker Man (1973)"	"0070917"
"The Wicker Man (2006)"	"0450345"
"Willard"	"0310357"
"Windigo"	"0128232"
"Wishmaster"	"0120524"
"Wishmaster 2: Evil Never Dies"	"0156182"
"Wishmaster 3: Beyond the Gates of Hell"	"0254871"
"Wishmaster 4: The Prophecy Fulfilled"	"0254872"
"The VVitch"	"4263482"
"Witchboard"	"0090327"
"Witchfinder General"	"0063285"
"Wither"	"2140671"
"Without Warning (1980)"	"0081764"
"The Wizard of Gore"	"0765487"
"WNUF Halloween Special"	"3104078"
"Wolf Creek"	"0416315"
"The Wolf Man (1941)"	"0034398"
"The Wolfman (2010)"	"0780653"
"Wolfen"	"0083336"
"Wolfman"	"0780653"
"The Woman"	"1714208"
"The Woman in Black"	"1596365"
"The Woman in Black: Angel of Death"	"2339741"
"Would You Rather"	"1999995"
"Wrong Turn"	"0295700"
"Wrong Turn 2: Dead End"	"0804555"
"Wrong Turn 3: Left for Dead"	"1261978"
"Wrong Turn 4: Bloody Beginnings"	"1865567"
"Wrong Turn 5: Bloodlines"	"2375779"
"Wrong Turn 6: Last Resort"	"3612032"
"Wyrmwood: Road of the Dead"	"2535470"
"Xtro"	"0086610"
"XX"	"3322892"
"Yellow Brick Road"	"1398428"
"Yeti: A Love Story"	"0765488"
"You're Next"	"1853739"
"Zombi 2"	"0080057"
"Zombi 3D"	"3501584"
"Zombie Blood Bath"	"0054724"
"The Zombie Diaries"	"0876294"
"Zombie Nightmare"	"0092297"
"Zombie Strippers"	"0960890"
"Zombie Wars"	"0897444"
"Die Zombiejager"	"0480777"
"Zombieland"	"1156398"
